method,solver,degree,alpha,generalization,score
LogisticRegression,lbfgs,1,1.7782794100389228,l2,0.8780241935483872
LogisticRegression,lbfgs,2,0.0562341325190349,l2,0.9102822580645162
LogisticRegression,saga,3,0.3162277660168379,l1,0.9100806451612904
LogisticRegression,lbfgs,4,25.92943797404667,l2,0.9102822580645162
LogisticRegression,lbfgs,5,85.31678524172806,l2,0.9102822580645162
LogisticRegression,lbfgs,6,12.115276586285876,l2,0.9102822580645162
